0000001,Patsy,Dicki,Dicki.P@gmail.com,xiDNQJTW
0000002,Myrna,Sawayn,Sawayn.M@gmail.com,fkwbrqywrzDM
0000003,Sandy,Stiedemann,Stiedemann.S@gmail.com,kagdqkibsshyvkbX
0000004,Lorena,Cole,Cole.L@gmail.com,guPQYBUVVNLFF
0000005,Alvena,Muller,Muller.A@gmail.com,roderyuwxucjM
0000006,Selmer,Conn,Conn.S@gmail.com,sxMGALBH
0000007,Salma,Halvorson,Halvorson.S@gmail.com,cDULARAUKHSA
0000008,Belle,Erdman,Erdman.B@gmail.com,wuQHFHWKDH
0000009,Serena,Howell,Howell.S@gmail.com,xdrTLRHDQJPCUFXM
0000010,Elwyn,Halvorson,Halvorson.E@gmail.com,ajfTKKDZGZCFTFQ
0000011,Dortha,Purdy,Purdy.D@gmail.com,wroctqdxwaxW
0000012,Dorcas,Towne,Towne.D@gmail.com,xkSFNFYGSITW
0000013,Omer,Maggio,Maggio.O@gmail.com,qanxuagDZJF
0000014,Moshe,Stroman,Stroman.M@gmail.com,ojgEZGVG
0000015,Stewart,Harvey,Harvey.S@gmail.com,cghcAGLCWCY
0000016,Braden,Lindgren,Lindgren.B@gmail.com,rlimliggfWVDOGH
0000017,Malinda,Ritchie,Ritchie.M@gmail.com,fPZEXBCJB
0000018,Aileen,Littel,Littel.A@gmail.com,bhngeaobycnS
0000019,Ivory,Hintz,Hintz.I@gmail.com,fjwvurhILEPZX
0000020,Vanessa,Lesch,Lesch.V@gmail.com,dgOVRYTXBMKN
0000021,Tyrique,Bauch,Bauch.T@gmail.com,ivmaxojybistW
0000022,Zaria,Pagac,Pagac.Z@gmail.com,ghxvwbolOE
0000023,Eladio,Kuvalis,Kuvalis.E@gmail.com,vvvSRDUVLMYTH
0000024,Dagmar,McClure,McClure.D@gmail.com,mawyRDOOLXZEPY
0000025,Matilda,Gottlieb,Gottlieb.M@gmail.com,xurFOTSJY
0000026,Bulah,Medhurst,Medhurst.B@gmail.com,msvvymnnrpwwhdG
0000027,Afton,Leffler,Leffler.A@gmail.com,rqkbvasilpvrokE
0000028,Salvador,Hagenes,Hagenes.S@gmail.com,obndspbKNPK
0000029,Alan,Koch,Koch.A@gmail.com,nwbdoywookE
0000030,Darrel,Auer,Auer.D@gmail.com,chexvrtwltkhKL
0000031,Edythe,Rodriguez,Rodriguez.E@gmail.com,puoedpeNBS
0000032,Eileen,Mraz,Mraz.E@gmail.com,yhKRWAGVHGWQEWKJ
0000033,Mollie,Goyette,Goyette.M@gmail.com,mgkjydVMBE
0000034,Amaya,Bechtelar,Bechtelar.A@gmail.com,ddFOAGNRT
0000035,Verna,Heathcote,Heathcote.V@gmail.com,wugphvysLNFJJ
0000036,Maymie,Borer,Borer.M@gmail.com,qkAYQHZDFUHDSYW
0000037,Willy,Gutkowski,Gutkowski.W@gmail.com,hkfnZYLI
0000038,Luella,Ruecker,Ruecker.L@gmail.com,sfabstdowhOGH
0000039,Forrest,Russel,Russel.F@gmail.com,wusavwcmwcnVM
0000040,Gregory,Farrell,Farrell.G@gmail.com,ewpwsWSM
0000041,Jack,Borer,Borer.J@gmail.com,jacerpjMFLQ
0000042,Benton,Ziemann,Ziemann.B@gmail.com,higgjpUVVILGL
0000043,Raheem,Harber,Harber.R@gmail.com,tiFAOLJTZBSAAXRP
0000044,Verona,Kerluke,Kerluke.V@gmail.com,kzvgbecggB
0000045,Prince,Wisoky,Wisoky.P@gmail.com,aepalFLXF
0000046,Amara,Corkery,Corkery.A@gmail.com,bjYCCIUKM
0000047,Anita,Beer,Beer.A@gmail.com,smRUTNYLMRFJTEG
0000048,Ruby,Collins,Collins.R@gmail.com,bvulavgsvaxQ
0000049,Ofelia,O'Reilly,O'Reilly.O@gmail.com,mSUZTAQPEUNUQK
0000050,Naomi,Dickinson,Dickinson.N@gmail.com,xhxrgRHG
0000051,Martin,Cruickshank,Cruickshank.M@gmail.com,dexxhurbdM
0000052,Keith,Ruecker,Ruecker.K@gmail.com,zupgjjkRLHI
0000053,Valentina,Reynolds,Reynolds.V@gmail.com,uujhHAGYT
0000054,Krystina,Rodriguez,Rodriguez.K@gmail.com,hHKTKFJFLLCXEIUB
0000055,Sam,Moen,Moen.S@gmail.com,iutmsjjJ
0000056,Rebeca,Yost,Yost.R@gmail.com,opxTPYMVQAKD
0000057,Sincere,Volkman,Volkman.S@gmail.com,poivjuajzCPK
0000058,Marlin,Carter,Carter.M@gmail.com,azpuuhgnKTZKOE
0000059,Maggie,Kiehn,Kiehn.M@gmail.com,ainlmcrlDSFF
0000060,Benjamin,Jast,Jast.B@gmail.com,cnUYAWUFTYL
0000061,Barrett,Mitchell,Mitchell.B@gmail.com,arazCAKRAO
0000062,Martina,Cormier,Cormier.M@gmail.com,gyvbavzivguqlBYS
0000063,Raina,Bosco,Bosco.R@gmail.com,ohmrouysgeG
0000064,Jon,Hane,Hane.J@gmail.com,natLJKHJNV
0000065,Walter,Swift,Swift.W@gmail.com,fSIZOFZZHJIJPDVB
0000066,Kody,Langworth,Langworth.K@gmail.com,swntGAZLUE
0000067,Edythe,Rutherford,Rutherford.E@gmail.com,thvlxgbeXX
0000068,Caroline,Heidenreich,Heidenreich.C@gmail.com,awzfrirlNVDV
0000069,Meda,Feest,Feest.M@gmail.com,ishhqxzJBZT
0000070,Paxton,Herzog,Herzog.P@gmail.com,gtuHCMYDRIUU
0000071,Evans,Roberts,Roberts.E@gmail.com,xuzNETDWKXNZ
0000072,Nash,Hoeger,Hoeger.N@gmail.com,aWPMHDNQHQMSFOO
0000073,Reinhold,Maggio,Maggio.R@gmail.com,gkrhaouMHDF
0000074,Alyce,Ondricka,Ondricka.A@gmail.com,rkucXHTGPLWZ
0000075,Janick,Stiedemann,Stiedemann.J@gmail.com,gULDJEXOXMKRZMZ
0000076,Lillie,Mitchell,Mitchell.L@gmail.com,vjqextdQ
0000077,Phyllis,Erdman,Erdman.P@gmail.com,ftlkqcvbABTZR
0000078,Cindy,Brakus,Brakus.C@gmail.com,yukxypYUN
0000079,Mafalda,Shanahan,Shanahan.M@gmail.com,fGQYTCRESVGFMSBD
0000080,Abner,Reinger,Reinger.A@gmail.com,oosBLJUP
0000081,Marie,Mohr,Mohr.M@gmail.com,yodYNWQPNGCXA
0000082,Selina,Ledner,Ledner.S@gmail.com,jezctudxaoktvgEA
0000083,Cesar,Will,Will.C@gmail.com,tizdgiwGSOV
0000084,Colt,O'Conner,O'Conner.C@gmail.com,bswjmbePFP
0000085,Akeem,Jakubowski,Jakubowski.A@gmail.com,mawCZSETR
0000086,Bethel,Lakin,Lakin.B@gmail.com,vqdfvfkoXQGGGN
0000087,Ava,Pfannerstill,Pfannerstill.A@gmail.com,irzGCUZHKMCG
0000088,Claudia,Ferry,Ferry.C@gmail.com,nomHQZLYL
0000089,Prudence,Zemlak,Zemlak.P@gmail.com,kfniewpjlmOJNNT
0000090,Valerie,Pouros,Pouros.V@gmail.com,dfjrxgdBAMGTZO
0000091,Ursula,Glover,Glover.U@gmail.com,lvcwcEVTCRAIWJY
0000092,Kendrick,Schaden,Schaden.K@gmail.com,llqQHTZL
0000093,Malika,Emmerich,Emmerich.M@gmail.com,kanjlqlcYJI
0000094,Reid,Gutmann,Gutmann.R@gmail.com,gfhomfcxSC
0000095,Rico,Grant,Grant.R@gmail.com,liqhrtjhvTY
0000096,Mathew,Raynor,Raynor.M@gmail.com,fppbxOWT
0000097,Jerel,Kub,Kub.J@gmail.com,bobjjIMOM
0000098,Delores,Labadie,Labadie.D@gmail.com,xlelJTWB
0000099,Janiya,Reynolds,Reynolds.J@gmail.com,evulYANRY
0000100,Clarissa,Wolf,Wolf.C@gmail.com,xbeznFLHF
0000101,Ryleigh,Leuschke,Leuschke.R@gmail.com,xgzmyODMTBP
0000102,Tod,Cormier,Cormier.T@gmail.com,tdlsXRSGVRNE
0000103,Kelly,Weimann,Weimann.K@gmail.com,quuriwzuugeaC
0000104,Esperanza,Carter,Carter.E@gmail.com,ndzMNYSGWR
0000105,Michaela,Boehm,Boehm.M@gmail.com,wvlefaorpHDC
0000106,Macey,Haag,Haag.M@gmail.com,npuNKVGKOXWHDW
0000107,Helene,Hudson,Hudson.H@gmail.com,cnWAXWZKZZFGR
0000108,Darby,Torphy,Torphy.D@gmail.com,aixlZEUIKZXJF
0000109,Annie,Stanton,Stanton.A@gmail.com,lcanuevvfnQEHDY
0000110,Roger,Johns,Johns.R@gmail.com,lfextnEQRCOCSUEO
0000111,Otha,McClure,McClure.O@gmail.com,srbmgqSA
0000112,Esteban,Marvin,Marvin.E@gmail.com,wHRHJADSYNMVZFM
0000113,Eleazar,Hamill,Hamill.E@gmail.com,vlvvdsrHNDHYNF
0000114,Shanny,Blick,Blick.S@gmail.com,wwipvqAIKG
0000115,Abbie,Ernser,Ernser.A@gmail.com,kmRZBYDRSZ
0000116,Jakob,Lubowitz,Lubowitz.J@gmail.com,tfquwccmoNA
0000117,Burnice,Collins,Collins.B@gmail.com,wrcjoKTOHZ
0000118,Johnpaul,Parker,Parker.J@gmail.com,nwkcjudhtoBU
0000119,Akeem,Upton,Upton.A@gmail.com,emdtRIXTDYMJRHP
0000120,Litzy,Johnston,Johnston.L@gmail.com,erfavlrH
0000121,Chelsey,Gutkowski,Gutkowski.C@gmail.com,ucjzfzqbqwHFU
0000122,Osvaldo,Wisoky,Wisoky.O@gmail.com,wTMPRMTNF
0000123,Emmanuel,Skiles,Skiles.E@gmail.com,pCUJWAAKKQOPU
0000124,Name,Rogahn,Rogahn.N@gmail.com,poyvwXMK
0000125,Joey,Huel,Huel.J@gmail.com,dgmpvNYQGA
0000126,Marlene,Powlowski,Powlowski.M@gmail.com,fnqzzwwHEXINAQFD
0000127,Dax,Waelchi,Waelchi.D@gmail.com,sipjlrqkhJOWYA
0000128,Carmela,Wyman,Wyman.C@gmail.com,kxhqectTHG
0000129,Keaton,O'Kon,O'Kon.K@gmail.com,ybjarHWFKWMH
0000130,Bessie,Jakubowski,Jakubowski.B@gmail.com,nievELOJR
0000131,Makenzie,Klocko,Klocko.M@gmail.com,xejplkjoUAMHMBCQ
0000132,Della,Kuhn,Kuhn.D@gmail.com,azNSLMVNTD
0000133,Una,Durgan,Durgan.U@gmail.com,ajpdkTFBRSFIRM
0000134,Willis,Barton,Barton.W@gmail.com,ajvzyhDQZRHF
0000135,Mathew,Mitchell,Mitchell.M@gmail.com,swhJYHCJGR
0000136,Adela,Considine,Considine.A@gmail.com,nmcCBPMNHTED
0000137,Carter,Spinka,Spinka.C@gmail.com,cihzszkjuTJ
0000138,Madilyn,Zboncak,Zboncak.M@gmail.com,dkYDGDCENNHOXSWO
0000139,Dandre,Johnston,Johnston.D@gmail.com,cKSUPOFI
0000140,Stephanie,Feil,Feil.S@gmail.com,swjaboOPD
0000141,Howell,Rippin,Rippin.H@gmail.com,opezuvkipaRPWMP
0000142,Mackenzie,Krajcik,Krajcik.M@gmail.com,imsuqxojdqucGGH
0000143,Justina,Ullrich,Ullrich.J@gmail.com,elnvgexseOPPRGM
0000144,Samson,Cummerata,Cummerata.S@gmail.com,zveyngyjpggbuFQM
0000145,Rosa,Reinger,Reinger.R@gmail.com,lREDXOSLKX
0000146,Annalise,Batz,Batz.A@gmail.com,mYCUINGYQIIBZLHF
0000147,Maria,Terry,Terry.M@gmail.com,ptuufqTGCRP
0000148,Jovany,Schmeler,Schmeler.J@gmail.com,lavoaRWT
0000149,Rey,Leffler,Leffler.R@gmail.com,mvvPLATTAD
0000150,Whitney,Funk,Funk.W@gmail.com,uGMJWLWFVVBSSAN
0000151,Augusta,Cole,Cole.A@gmail.com,ohapCZJOMJE
0000152,Lincoln,Davis,Davis.L@gmail.com,lljfamstonJ
0000153,Carolina,Gorczany,Gorczany.C@gmail.com,txvrDMDVUM
0000154,Waylon,Metz,Metz.W@gmail.com,yetqSZMZSV
0000155,Joanny,Greenfelder,Greenfelder.J@gmail.com,roavklfKFV
0000156,Jerod,Barton,Barton.J@gmail.com,vtfyscpudrrsKN
0000157,Abraham,Spinka,Spinka.A@gmail.com,owxvkueFQYIXDUKN
0000158,Filiberto,Johnston,Johnston.F@gmail.com,caqbqenaaD
0000159,Braxton,Dare,Dare.B@gmail.com,clqNNFYRVYUC
0000160,Deanna,Cummings,Cummings.D@gmail.com,rsUKABEBPGTXZSW
0000161,Theodora,Zemlak,Zemlak.T@gmail.com,aZYMIYHM
0000162,Delmer,Goyette,Goyette.D@gmail.com,rJQBXDXRHHK
0000163,Eveline,Rau,Rau.E@gmail.com,ewbSJOIACL
0000164,Monica,Ullrich,Ullrich.M@gmail.com,hsMJQUESKSP
0000165,Justyn,Nader,Nader.J@gmail.com,bhylqmoeADYLH
0000166,Kaylee,Ratke,Ratke.K@gmail.com,hvyhyurkqEXNZPH
0000167,Zena,Kohler,Kohler.Z@gmail.com,rzrjzmnXWP
0000168,Laura,Considine,Considine.L@gmail.com,gOXMADSZPVR
0000169,Stephon,Mueller,Mueller.S@gmail.com,fldduxklT
0000170,Josephine,Frami,Frami.J@gmail.com,ootaweUAZXYC
0000171,Baylee,Morissette,Morissette.B@gmail.com,mvexyrFOAA
0000172,Theodore,Breitenberg,Breitenberg.T@gmail.com,iVUJADNG
0000173,Ayla,Sporer,Sporer.A@gmail.com,ujcofzyUD
0000174,Geovanni,Wuckert,Wuckert.G@gmail.com,qjvfaoxVWAKETO
0000175,Jeffrey,Kunze,Kunze.J@gmail.com,lbgDHUCVTO
0000176,Crystal,Mayert,Mayert.C@gmail.com,zfwjmevjQOHGURYZ
0000177,Margie,Ferry,Ferry.M@gmail.com,sdjkccnhukKGX
0000178,Elbert,Rolfson,Rolfson.E@gmail.com,ftvwsxJFVO
0000179,Archibald,Funk,Funk.A@gmail.com,mlfrgzimxjY
0000180,Colby,Cruickshank,Cruickshank.C@gmail.com,phxltftiqipAMUC
0000181,Kristoffer,Nicolas,Nicolas.K@gmail.com,tqtOUJVAWQ
0000182,Dejon,Mills,Mills.D@gmail.com,cwodcglxvdlLY
0000183,Hiram,Gottlieb,Gottlieb.H@gmail.com,leurmpUTVIETEZ
0000184,Lexie,Swift,Swift.L@gmail.com,bglwrnauLSRKHOI
0000185,Gloria,Thiel,Thiel.G@gmail.com,shbpvMEFUEGM
0000186,Adan,Bergnaum,Bergnaum.A@gmail.com,ilnwiyqILEKLBW
0000187,Korbin,Hessel,Hessel.K@gmail.com,wxzpmuOUH
0000188,Bettie,Mraz,Mraz.B@gmail.com,jDZYTQOKULRJB
0000189,Ines,Hills,Hills.I@gmail.com,ogtrwtLWII
0000190,Colleen,Dietrich,Dietrich.C@gmail.com,dshxyLMUK
0000191,Marilyne,Thompson,Thompson.M@gmail.com,cETQQZGLXOG
0000192,Julio,Spinka,Spinka.J@gmail.com,tlchnziECEHCA
0000193,Ross,Feest,Feest.R@gmail.com,tuhfkvyzkbuenU
0000194,River,Price,Price.R@gmail.com,yijzxkIHDB
0000195,Aurelie,Hintz,Hintz.A@gmail.com,pzgtscrwDIE
0000196,Rahul,Rempel,Rempel.R@gmail.com,hopvFCBUTZ
0000197,Giles,Reichel,Reichel.G@gmail.com,yriyfoIMNXNHF
0000198,Aaliyah,Treutel,Treutel.A@gmail.com,qvdysZMGARSRDK
0000199,Clare,O'Kon,O'Kon.C@gmail.com,ohupPYIBGLLD
0000200,Ernestine,Zemlak,Zemlak.E@gmail.com,amzGLKOCZHNL
0000201,Jarod,Zboncak,Zboncak.J@gmail.com,usmehzEGOEUPDA
0000202,Leonardo,Sanford,Sanford.L@gmail.com,tbudtmLJKRZY
0000203,Vida,Thiel,Thiel.V@gmail.com,qkenthEPZTN
0000204,Vincenzo,Erdman,Erdman.V@gmail.com,vydwshajKW
0000205,Marquis,Schaefer,Schaefer.M@gmail.com,fGYEDHEUAPLW
0000206,Rachel,Lakin,Lakin.R@gmail.com,odczoucbJOKBZL
0000207,Carlos,Stamm,Stamm.C@gmail.com,ufeJWOVVBSJ
0000208,Bertha,Mayer,Mayer.B@gmail.com,wAAGYPUQGHZ
0000209,Sabryna,Baumbach,Baumbach.S@gmail.com,gtKJQPVVBWZXHG
0000210,Ilene,Howe,Howe.I@gmail.com,nwdeqwxhODT
0000211,Darron,Bergnaum,Bergnaum.D@gmail.com,luocxqwiFFYO
0000212,Lessie,Williamson,Williamson.L@gmail.com,eeocpjLEWZ
0000213,Nathanial,Runte,Runte.N@gmail.com,rgvqJWCCKBERZU
0000214,Alessia,Jacobs,Jacobs.A@gmail.com,rhuuqllzsHSU
0000215,Eliseo,Streich,Streich.E@gmail.com,ekcnmdbogJHRW
0000216,Emmy,Jakubowski,Jakubowski.E@gmail.com,kfsaINQERYLIALED
0000217,Paige,Dibbert,Dibbert.P@gmail.com,keqzmiyPYQ
0000218,Maye,Lowe,Lowe.M@gmail.com,gbdrlLSABNZRSA
0000219,Mazie,Emard,Emard.M@gmail.com,gdxZLRVIMHBZGB
0000220,Jocelyn,Hahn,Hahn.J@gmail.com,cXGPVOSXUCS
0000221,Victoria,Jacobson,Jacobson.V@gmail.com,qrxvlxiqgWEGZ
0000222,Lilian,Ebert,Ebert.L@gmail.com,pcjxjZFICSZJS
0000223,Kendall,Schinner,Schinner.K@gmail.com,psnjEUHXTOMIC
0000224,Shaina,Rippin,Rippin.S@gmail.com,hjofDYLGULHLTU
0000225,Fern,Howell,Howell.F@gmail.com,ajgxqgbphcmjbKNS
0000226,Josephine,Schmeler,Schmeler.J@gmail.com,ukbnfbGVHKGD
0000227,Noelia,Shanahan,Shanahan.N@gmail.com,jqlhheyukAOZ
0000228,Laisha,Casper,Casper.L@gmail.com,chjRCKDL
0000229,Bella,Rogahn,Rogahn.B@gmail.com,joebzseDZVUXBK
0000230,Moses,Lang,Lang.M@gmail.com,ccdcNJLSY
0000231,Mallory,Ruecker,Ruecker.M@gmail.com,xjmaqgqoMA
0000232,Ignacio,Barrows,Barrows.I@gmail.com,tnbyqouWLNKSE
0000233,Ahmad,Morar,Morar.A@gmail.com,jiaiqurjsbnglLKZ
0000234,Russel,Greenfelder,Greenfelder.R@gmail.com,vKALULSXENSSUNET
0000235,Jonas,Aufderhar,Aufderhar.J@gmail.com,wgsvPXMSL
0000236,Grady,Prohaska,Prohaska.G@gmail.com,afDOHHFJBRSBKNQ
0000237,Arnold,O'Connell,O'Connell.A@gmail.com,bOFSSCWYITRMZI
0000238,Maegan,Schroeder,Schroeder.M@gmail.com,ozjLGKPSBBATUJ
0000239,Lafayette,Blick,Blick.L@gmail.com,burXWEGUBJG
0000240,Cary,Reynolds,Reynolds.C@gmail.com,osKIDYNFSOQEB
0000241,Wade,Stiedemann,Stiedemann.W@gmail.com,xzfpzjaexfjN
0000242,Heather,Wunsch,Wunsch.H@gmail.com,dieovyqOT
0000243,Juliana,Gislason,Gislason.J@gmail.com,kXSOTGWTKTDY
0000244,Leif,Kuhic,Kuhic.L@gmail.com,bflhsjlavBWWV
0000245,Thaddeus,Shields,Shields.T@gmail.com,caCOGRHU
0000246,Wilber,Tremblay,Tremblay.W@gmail.com,ttxkhfTEOB
0000247,Reese,Dach,Dach.R@gmail.com,gukjhdMSHMGV
0000248,Jennyfer,Kub,Kub.J@gmail.com,pqGIZKDAI
0000249,Ephraim,Gislason,Gislason.E@gmail.com,txommzsVO
0000250,Nella,Thompson,Thompson.N@gmail.com,crigafSHNY
0000251,Sheridan,Crist,Crist.S@gmail.com,rjjyTBERY
0000252,Katheryn,Orn,Orn.K@gmail.com,aiIWUYRVJJ
0000253,Casey,Parker,Parker.C@gmail.com,fjhxlvldQODAOZ
0000254,Everett,Kunde,Kunde.E@gmail.com,ntQDAZKBWM
0000255,Freddie,Johnston,Johnston.F@gmail.com,jqTPPWTHFNXDHIU
0000256,Wilton,Rice,Rice.W@gmail.com,aMXDYWAW
0000257,Arlie,Hintz,Hintz.A@gmail.com,ujrnqszkD
0000258,Garrison,Satterfield,Satterfield.G@gmail.com,nguzlrykxqHFQ
0000259,Thora,Will,Will.T@gmail.com,dojnvdplSTQJW
0000260,Wanda,McClure,McClure.W@gmail.com,brwguvvcUUFVY
0000261,Jess,Cruickshank,Cruickshank.J@gmail.com,ztbsgCAL
0000262,Heidi,Weber,Weber.H@gmail.com,dzrtmuyuOCNPCFP
0000263,Jarred,Boehm,Boehm.J@gmail.com,hasCTKFPAFRBVLV
0000264,Alva,Prohaska,Prohaska.A@gmail.com,wvgqxgEMCNS
0000265,Yazmin,McDermott,McDermott.Y@gmail.com,cveaeomgslaXRNK
0000266,Micheal,Rogahn,Rogahn.M@gmail.com,fewvAAWBPXCJX
0000267,Hertha,Glover,Glover.H@gmail.com,byhykwqlkNWXHG
0000268,Elias,Stokes,Stokes.E@gmail.com,bvedhzxrutdVJ
0000269,Lauriane,Hansen,Hansen.L@gmail.com,inhfjBNCCTPTIE
0000270,Ron,Considine,Considine.R@gmail.com,tkjqRPMDR
0000271,Charlie,Schultz,Schultz.C@gmail.com,pgoydikuowahjE
0000272,Velma,Breitenberg,Breitenberg.V@gmail.com,gonxifdwvjY
0000273,Chelsea,Russel,Russel.C@gmail.com,nfhmwzijC
0000274,Darrion,Schmidt,Schmidt.D@gmail.com,mfnnplLS
0000275,Germaine,Ryan,Ryan.G@gmail.com,sdmzpkypleltvxH
0000276,Chelsie,Pagac,Pagac.C@gmail.com,bgkaofPVBAR
0000277,Carolyn,Swift,Swift.C@gmail.com,wobihuigcQRSZLV
0000278,Arjun,Keebler,Keebler.A@gmail.com,geturwcoDS
0000279,Jeff,Keebler,Keebler.J@gmail.com,mlqlNAOA
0000280,Jason,Cassin,Cassin.J@gmail.com,xMOTMJCY
0000281,Sasha,Hane,Hane.S@gmail.com,bsarddsfdQI
0000282,Reagan,Crooks,Crooks.R@gmail.com,kruAICRWYULIUXW
0000283,Matteo,Huels,Huels.M@gmail.com,rnhgozjhnlTTB
0000284,Terence,Labadie,Labadie.T@gmail.com,dqpbCSYEWRBZYEP
0000285,Isabel,Kris,Kris.I@gmail.com,zaadqnclbTBMLOFT
0000286,Brannon,Konopelski,Konopelski.B@gmail.com,nltzryrzKMZZDG
0000287,Ophelia,Haag,Haag.O@gmail.com,qrJIVRBFTPLHVBB
0000288,Lazaro,Schulist,Schulist.L@gmail.com,vxmjocsZULTCUR
0000289,Herbert,Purdy,Purdy.H@gmail.com,ivoexiavbtPJ
0000290,Anabelle,Keebler,Keebler.A@gmail.com,yovyufyyCPMLEQIE
0000291,Dulce,Gutkowski,Gutkowski.D@gmail.com,mqezzdfsjfznwB
0000292,Kurtis,Dickens,Dickens.K@gmail.com,hgjeUQQBTCGQXM
0000293,Ola,O'Hara,O'Hara.O@gmail.com,njbhwjJXSDUDRX
0000294,Ibrahim,O'Conner,O'Conner.I@gmail.com,vucxAHFNPVNUUJ
0000295,Filiberto,Ernser,Ernser.F@gmail.com,ljMJMHVOPZGTMZK
0000296,Anjali,Windler,Windler.A@gmail.com,tztidayDYWIWFF
0000297,Caterina,Beier,Beier.C@gmail.com,nvhuktfDGT
0000298,Turner,Bogan,Bogan.T@gmail.com,jrwrHIUCYCBVZ
0000299,Nikko,Cruickshank,Cruickshank.N@gmail.com,bfyrihneOF
0000300,Quentin,Thompson,Thompson.Q@gmail.com,kapagsfKFJL
0000301,Jeffry,Corwin,Corwin.J@gmail.com,iebyvNAABOFIUQYM
0000302,Dayana,Carter,Carter.D@gmail.com,hwznJWPOQRWCB
0000303,Demond,Corwin,Corwin.D@gmail.com,bmarqHJXZZRAVDC
0000304,Jerod,Volkman,Volkman.J@gmail.com,ehtZXBZQPTSD
0000305,Fermin,Balistreri,Balistreri.F@gmail.com,uxsopdhvFXXPUJLK
0000306,Amani,Mitchell,Mitchell.A@gmail.com,aenrrewfbyNVES
0000307,Blaze,McGlynn,McGlynn.B@gmail.com,ncdttpkH
0000308,Maci,Krajcik,Krajcik.M@gmail.com,jlqhxeWKUPVLWYFS
0000309,Damion,Shields,Shields.D@gmail.com,mjKDAACE
0000310,Roberto,Wisozk,Wisozk.R@gmail.com,ticlqZGHYCF
0000311,Ethelyn,Luettgen,Luettgen.E@gmail.com,cxtbjkxSZ
0000312,Julia,Paucek,Paucek.J@gmail.com,oetxjulrKE
0000313,Edwardo,Conn,Conn.E@gmail.com,lmbkupYIW
0000314,Patsy,Graham,Graham.P@gmail.com,futklevON
0000315,Linnea,Grady,Grady.L@gmail.com,gmmoyHPVTQ
0000316,Kaya,Cassin,Cassin.K@gmail.com,zqdziJHR
0000317,Lurline,Glover,Glover.L@gmail.com,ypgphlhdmxcJVJH
0000318,Russ,Rice,Rice.R@gmail.com,qmrtXYJAL
0000319,Katherine,Legros,Legros.K@gmail.com,doeruphuSE
0000320,Mikel,Lakin,Lakin.M@gmail.com,jfebpOYFJUSCJFBL
0000321,Sheldon,Hermiston,Hermiston.S@gmail.com,ohbzdxtmVTYWJDI
0000322,Maximilian,McClure,McClure.M@gmail.com,adizfkgjeNFADBEQ
0000323,David,Lowe,Lowe.D@gmail.com,vubzfWTQRDI
0000324,Lon,Bins,Bins.L@gmail.com,hwqpttdawvramrqB
0000325,Sierra,Baumbach,Baumbach.S@gmail.com,yhhfNKFHT
0000326,Thora,Koepp,Koepp.T@gmail.com,qcbjKACWC
0000327,Ressie,VonRueden,VonRueden.R@gmail.com,xozlZRVMAK
0000328,Iva,Fritsch,Fritsch.I@gmail.com,mxygoxsUYUNH
0000329,Dayton,Tromp,Tromp.D@gmail.com,arhrjysbWW
0000330,Mavis,Herzog,Herzog.M@gmail.com,micrdqxwtbjgC
0000331,Kailee,Hyatt,Hyatt.K@gmail.com,dovHENFZCPAYYH
0000332,Arch,Watsica,Watsica.A@gmail.com,yxghuwnY
0000333,Liza,Harber,Harber.L@gmail.com,yvlqzirroFTGJVI
0000334,Loma,Schultz,Schultz.L@gmail.com,kwagnnmRTPUQ
0000335,Delphine,Leannon,Leannon.D@gmail.com,mghztflQZZXC
0000336,Edison,Dibbert,Dibbert.E@gmail.com,cednzvvblQU
0000337,Colt,Moen,Moen.C@gmail.com,gsFMYVBUOLSRIYWZ
0000338,Kavon,Stokes,Stokes.K@gmail.com,yIJZOUFE
0000339,Rosie,Hills,Hills.R@gmail.com,xeyebqwnbeaoQQJ
0000340,Jacinto,Runolfsdottir,Runolfsdottir.J@gmail.com,cmGSBXCJZWJM
0000341,Lemuel,Hilll,Hilll.L@gmail.com,atqwxtkoqaLMM
0000342,Justyn,Robel,Robel.J@gmail.com,toaerTKBIYZR
0000343,Titus,Klein,Klein.T@gmail.com,zsJKKALBNRQV
0000344,Linnea,Schowalter,Schowalter.L@gmail.com,iwnihekmGFF
0000345,Nigel,Dicki,Dicki.N@gmail.com,jivvvEIMR
0000346,Norwood,Schiller,Schiller.N@gmail.com,rkgzyasxpobZ
0000347,Bethel,Harris,Harris.B@gmail.com,djvphlvJVOQPF
0000348,Megane,Sporer,Sporer.M@gmail.com,fnusjbpCWJSOHH
0000349,Delaney,Gottlieb,Gottlieb.D@gmail.com,kmpecEIMNQMIFTF
0000350,Josefa,Wolff,Wolff.J@gmail.com,uyZZFKKZ
0000351,Hellen,Rowe,Rowe.H@gmail.com,eiuaukewTW
0000352,Devante,Davis,Davis.D@gmail.com,jyHLHELWAYKE
0000353,Lionel,Ryan,Ryan.L@gmail.com,pjzaxZIPRJNBFV
0000354,Jaiden,Ondricka,Ondricka.J@gmail.com,oafmnhwsyrlJM
0000355,Abel,Toy,Toy.A@gmail.com,lhuJNPSRQV
0000356,Nikko,Mayert,Mayert.N@gmail.com,tclfsLEAVAK
0000357,Dora,Gorczany,Gorczany.D@gmail.com,qXVLJYPUHZIWQGEX
0000358,Rosanna,Price,Price.R@gmail.com,uhsaypQDCNEQOUFZ
0000359,Nathanael,Wiza,Wiza.N@gmail.com,gclfYRPHHA
0000360,Courtney,Brakus,Brakus.C@gmail.com,vsevfmtarmwezKY
0000361,Sabryna,Pfannerstill,Pfannerstill.S@gmail.com,oonpfvsijAU
0000362,Adelle,McDermott,McDermott.A@gmail.com,xdirlPALNYVK
0000363,Hallie,Quitzon,Quitzon.H@gmail.com,kxpjYAAWKVTR
0000364,Maurine,Stracke,Stracke.M@gmail.com,qdqeiaiOBYQ
0000365,Levi,Sawayn,Sawayn.L@gmail.com,xpbwQWLZHTZ
0000366,Pascale,Stark,Stark.P@gmail.com,teHTDRQHUYSWD
0000367,Tia,Ruecker,Ruecker.T@gmail.com,nbtuZFRSH
0000368,Silas,Parker,Parker.S@gmail.com,cnenAAUTSO
0000369,Elwyn,McClure,McClure.E@gmail.com,exlanaewxhsojtKB
0000370,Lola,Mertz,Mertz.L@gmail.com,ejnbQWQRXY
0000371,Marta,Zieme,Zieme.M@gmail.com,qkHRPTUSXOEUD
0000372,Jeramy,Harber,Harber.J@gmail.com,fjnzxhmnnjC
0000373,Treva,Morar,Morar.T@gmail.com,szeprdmEMENZEA
0000374,Karelle,Dickinson,Dickinson.K@gmail.com,tujxvkrhdtjPPAOQ
0000375,Lucas,Shields,Shields.L@gmail.com,pCSEHMIGFJAYPGQN
0000376,Rosendo,Veum,Veum.R@gmail.com,tsvdeEAJ
0000377,Betty,Torp,Torp.B@gmail.com,vaziosmrqTZ
0000378,Keely,Bartell,Bartell.K@gmail.com,grvvwbflfcuhulA
0000379,Melba,Windler,Windler.M@gmail.com,yNQVNQINVFUZ
0000380,Claudia,Boyer,Boyer.C@gmail.com,ymxiudvYSI
0000381,Grover,Green,Green.G@gmail.com,umqbvvqusfmviED
0000382,Flavio,Nikolaus,Nikolaus.F@gmail.com,wuapKGYZ
0000383,Nova,Leffler,Leffler.N@gmail.com,unMYZIIVLSASMSY
0000384,Melba,Ratke,Ratke.M@gmail.com,iEWMAPGBZ
0000385,Blaze,Roberts,Roberts.B@gmail.com,ppfpwAEEWDNU
0000386,Brown,Raynor,Raynor.B@gmail.com,eNLBEJRU
0000387,Ana,Ziemann,Ziemann.A@gmail.com,rmccasfosFNTEQ
0000388,Cornell,Schimmel,Schimmel.C@gmail.com,tsittosucM
0000389,Wallace,Jast,Jast.W@gmail.com,bgsuwPPN
0000390,Juwan,Cole,Cole.J@gmail.com,zjaFTWHFU
0000391,Darron,Hudson,Hudson.D@gmail.com,bpzrPPVQOGARUJ
0000392,Denis,Pagac,Pagac.D@gmail.com,geafGNIH
0000393,Ilene,Zieme,Zieme.I@gmail.com,yvutpwfxFMGIZRQ
0000394,Alayna,Wisozk,Wisozk.A@gmail.com,hupwyhdlJCQUTENE
0000395,Lizzie,Kutch,Kutch.L@gmail.com,sGPZICWNVWLQL
0000396,Larry,Dibbert,Dibbert.L@gmail.com,fvqaHXOX
0000397,Jeanie,Medhurst,Medhurst.J@gmail.com,tadhqylRHFBDSSA
0000398,Lila,Crist,Crist.L@gmail.com,rrncpbJHYP
0000399,Macey,Farrell,Farrell.M@gmail.com,gzbxyIEOFTED
0000400,Vicenta,Runte,Runte.V@gmail.com,lNEIQKACFGNITWP
0000401,Aylin,Gleichner,Gleichner.A@gmail.com,wgiLOPZMJPQXS
0000402,Blaise,Reilly,Reilly.B@gmail.com,ersexaLW
0000403,Bridie,Gulgowski,Gulgowski.B@gmail.com,gQZEMIQBBTBFUCT
0000404,Erwin,Paucek,Paucek.E@gmail.com,invtlbzpnxP
0000405,Waylon,Powlowski,Powlowski.W@gmail.com,vapPFUMAP
0000406,Jany,Bernier,Bernier.J@gmail.com,xozrMPHHTLZKYE
0000407,Dianna,Dicki,Dicki.D@gmail.com,jbivdGFP
0000408,Zechariah,Heller,Heller.Z@gmail.com,cgyvdchgbU
0000409,Bud,McLaughlin,McLaughlin.B@gmail.com,mbiyiyrTVVJS
0000410,Noble,Gibson,Gibson.N@gmail.com,pftemiiuqmgzGDH
0000411,Dianna,Farrell,Farrell.D@gmail.com,tlcEHESBSQ
0000412,Kayden,Stanton,Stanton.K@gmail.com,qqbiQCIWYRYY
0000413,Herminio,Morar,Morar.H@gmail.com,eohbeXFJLQ
0000414,Jana,Collins,Collins.J@gmail.com,bpHTUDGYEKCVPUE
0000415,Bobby,Wintheiser,Wintheiser.B@gmail.com,dpntklzylfcQ
0000416,Devin,Runolfsson,Runolfsson.D@gmail.com,dimtfmyrabnblU
0000417,Marilie,Bode,Bode.M@gmail.com,zpaJOBPL
0000418,Thea,Senger,Senger.T@gmail.com,eydszpNQRZXBQHR
0000419,Laurie,McCullough,McCullough.L@gmail.com,gHXIJFPFELZL
0000420,Magali,Nader,Nader.M@gmail.com,dwLRJQKW
0000421,Katelynn,Walter,Walter.K@gmail.com,zhxrscaIJNOBYDD
0000422,Veda,Schuppe,Schuppe.V@gmail.com,osoknkNJSDKVN
0000423,Mara,Kihn,Kihn.M@gmail.com,ccwgqbjttqABRIJE
0000424,Shanie,Graham,Graham.S@gmail.com,kujpdbqXULCYOO
0000425,Zackery,Stracke,Stracke.Z@gmail.com,lPXCRVWN
0000426,Jedidiah,Kessler,Kessler.J@gmail.com,btqagnkncoewL
0000427,Berta,Bernier,Bernier.B@gmail.com,vebbtvIBU
0000428,Jasmin,Turcotte,Turcotte.J@gmail.com,nlpnuygnhEW
0000429,Bud,Reilly,Reilly.B@gmail.com,bhjCXQHIFVUM
0000430,Serenity,Raynor,Raynor.S@gmail.com,ivgdzoxoCG
0000431,Roosevelt,Gottlieb,Gottlieb.R@gmail.com,apnnhJBEHMTGDI
0000432,Tiffany,Lockman,Lockman.T@gmail.com,trmsgrvbueIEPWJI
0000433,Electa,Lueilwitz,Lueilwitz.E@gmail.com,lyzwCBBBYKD
0000434,Autumn,Okuneva,Okuneva.A@gmail.com,xoSTUKZAJZYS
0000435,Graham,Schiller,Schiller.G@gmail.com,zbWKSSKONKFJD
0000436,Nathan,Thiel,Thiel.N@gmail.com,bpOQHLDWRI
0000437,Drake,Orn,Orn.D@gmail.com,xmSFTPGWPR
0000438,Dell,Shanahan,Shanahan.D@gmail.com,fHGGJNYZOQIRC
0000439,Chanelle,Breitenberg,Breitenberg.C@gmail.com,ateouboBXA
0000440,Dane,Lubowitz,Lubowitz.D@gmail.com,gvcWEFFNRYV
0000441,Clarissa,Bechtelar,Bechtelar.C@gmail.com,vzqjnybcqraATPBD
0000442,Matteo,Konopelski,Konopelski.M@gmail.com,rvfmbbgGDJ
0000443,Chasity,Orn,Orn.C@gmail.com,jduifxtjpuACTRTS
0000444,Brad,Kulas,Kulas.B@gmail.com,bgpmCSUER
0000445,Clovis,Aufderhar,Aufderhar.C@gmail.com,cwhpwdRSUUQ
0000446,Della,Kihn,Kihn.D@gmail.com,davgqqiiuxVHDJC
0000447,Jewell,Cummerata,Cummerata.J@gmail.com,bvgSHSQM
0000448,Demario,Hermann,Hermann.D@gmail.com,ajuiyDODPD
0000449,Buford,Walter,Walter.B@gmail.com,qikvafsajznsFV
0000450,Marjory,Schaefer,Schaefer.M@gmail.com,nmwncuVQG
0000451,Cassidy,Cruickshank,Cruickshank.C@gmail.com,xsEXWSHH
0000452,Virginia,Purdy,Purdy.V@gmail.com,yhvVPMLGWSOMNY
0000453,Madge,Windler,Windler.M@gmail.com,sfrnpmbYXE
0000454,Lennie,Schinner,Schinner.L@gmail.com,ohnrrLQPIWRC
0000455,Kamren,Marks,Marks.K@gmail.com,pXOPLLAGMPXTKE
0000456,Celia,Sauer,Sauer.C@gmail.com,clyhsbrduoftSQ
0000457,Miller,Huel,Huel.M@gmail.com,kvfcexekalZ
0000458,Dana,Lindgren,Lindgren.D@gmail.com,yIMMWHWEFONE
0000459,Jennifer,Abshire,Abshire.J@gmail.com,rywneojPHJK
0000460,Misael,Cormier,Cormier.M@gmail.com,pxahbpVF
0000461,Neal,Gerlach,Gerlach.N@gmail.com,ugLCVADZSGZZTKCI
0000462,Derick,Schroeder,Schroeder.D@gmail.com,kqDAFOGRFA
0000463,Saul,Williamson,Williamson.S@gmail.com,orbjpNPUEM
0000464,Madelynn,Denesik,Denesik.M@gmail.com,owzjbzhyfehqqLQ
0000465,Justen,Rempel,Rempel.J@gmail.com,xmvorodyjybX
0000466,Norberto,O'Connell,O'Connell.N@gmail.com,idWOBPPFDWQFV
0000467,Walter,Thiel,Thiel.W@gmail.com,kmrhgasQCKUVH
0000468,Gerald,Schuppe,Schuppe.G@gmail.com,rbclgyUJBHF
0000469,Kristoffer,Murphy,Murphy.K@gmail.com,gsrnUKOVDRD
0000470,Luisa,Simonis,Simonis.L@gmail.com,zzphrqvqxdGWTEE
0000471,Kirk,Jast,Jast.K@gmail.com,rmdgvTGLT
0000472,Emanuel,Effertz,Effertz.E@gmail.com,gdhRRJAWVJQMH
0000473,Yessenia,Kertzmann,Kertzmann.Y@gmail.com,jMODEBWVTOTXW
0000474,Adolfo,Schinner,Schinner.A@gmail.com,wtfKTPUDWJ
0000475,Alf,Luettgen,Luettgen.A@gmail.com,byaofZGJLUBGUBHB
0000476,Eladio,Predovic,Predovic.E@gmail.com,cbFTGSRNIDN
0000477,Alessandra,Herman,Herman.A@gmail.com,kdhpasyHJGWNYME
0000478,Trevor,Dietrich,Dietrich.T@gmail.com,bgiwfpckOXMP
0000479,Kacie,Mitchell,Mitchell.K@gmail.com,trndgVIBZEGK
0000480,Dewitt,Hegmann,Hegmann.D@gmail.com,cuqLMQZEUDESIID
0000481,Ibrahim,Brown,Brown.I@gmail.com,pnognbpxEVSZ
0000482,Michale,Macejkovic,Macejkovic.M@gmail.com,jnujFTGH
0000483,Karianne,Greenfelder,Greenfelder.K@gmail.com,mpccSGVS
0000484,Gracie,Hirthe,Hirthe.G@gmail.com,akopWRPX
0000485,Clementine,Simonis,Simonis.C@gmail.com,iSZXCBRHEALMW
0000486,Baron,Hoppe,Hoppe.B@gmail.com,pndkremliwR
0000487,Samantha,Maggio,Maggio.S@gmail.com,bhojtuAKAIJPS
0000488,Ona,Bogan,Bogan.O@gmail.com,gijkwjdduVP
0000489,Brock,Fay,Fay.B@gmail.com,qzrGICGQR
0000490,Anya,Hudson,Hudson.A@gmail.com,meknYXFWR
0000491,Reanna,Ledner,Ledner.R@gmail.com,huIYVWTCDMF
0000492,Aimee,Schiller,Schiller.A@gmail.com,ozpvpgWOPF
0000493,Colby,Hauck,Hauck.C@gmail.com,cIQUTNXHH
0000494,Emie,Homenick,Homenick.E@gmail.com,ebmfnrygacdreZRV
0000495,Meghan,Miller,Miller.M@gmail.com,yizoikzdcpexitK
0000496,Marques,Herzog,Herzog.M@gmail.com,rodbbtwBA
0000497,Marlene,Watsica,Watsica.M@gmail.com,tkFYXEDAN
0000498,Clemmie,Cummerata,Cummerata.C@gmail.com,jtrlkzKJCZ
0000499,Rose,Pouros,Pouros.R@gmail.com,coiSQVMGU
0000500,Marjory,Kutch,Kutch.M@gmail.com,vophyuaJV
0000501,Ruthie,Romaguera,Romaguera.R@gmail.com,strxstUSWY
0000502,Laisha,Ledner,Ledner.L@gmail.com,thbuesgCMXU
0000503,Dillan,Pfeffer,Pfeffer.D@gmail.com,imudxtamrOT
0000504,Mariane,Nienow,Nienow.M@gmail.com,ehronqidiR
0000505,Lauryn,Boyle,Boyle.L@gmail.com,kpjvrrerpcPRP
0000506,Scot,Waters,Waters.S@gmail.com,rqtmxrfbnuuJ
0000507,Lonzo,Schaefer,Schaefer.L@gmail.com,mbdmnnnpipxgBM
0000508,Percival,Witting,Witting.P@gmail.com,dodrIVGKAKBCVDA
0000509,Juana,Rau,Rau.J@gmail.com,mkCYONEMN
0000510,Coy,Kulas,Kulas.C@gmail.com,kfrfcnkrLSBMWA
0000511,Anahi,Smith,Smith.A@gmail.com,jvtseamfKNSJFVLQ
0000512,Marcel,Schmitt,Schmitt.M@gmail.com,jzednrdxvliYY
0000513,Sister,Sawayn,Sawayn.S@gmail.com,oyuwxjpN
0000514,Neoma,Reichel,Reichel.N@gmail.com,xyvdibowJRQQ
0000515,Madalyn,Spinka,Spinka.M@gmail.com,ekgazMLGTIHKTWQJ
0000516,Devante,O'Hara,O'Hara.D@gmail.com,hbhrdnkZD
0000517,Charles,Medhurst,Medhurst.C@gmail.com,thobsctdreqifPZ
0000518,Art,Kautzer,Kautzer.A@gmail.com,srqTZCDMAS
0000519,Myron,Krajcik,Krajcik.M@gmail.com,ondhqrkqgzTWDEEN
0000520,Jeanette,Weber,Weber.J@gmail.com,jxPRWHUSGQJNB
0000521,Xavier,Cummerata,Cummerata.X@gmail.com,qsdsrxCDUK
0000522,Randy,Hilpert,Hilpert.R@gmail.com,ritjlrnirrkjGTSI
0000523,Santiago,Lindgren,Lindgren.S@gmail.com,vQFFSHVIBSNSAGJ
0000524,Velma,Legros,Legros.V@gmail.com,tbMQPZMUGSB
0000525,Jeramy,Reichel,Reichel.J@gmail.com,ntndolyvgchUPSYR
0000526,Pedro,Bins,Bins.P@gmail.com,kyzcBTDFQERTXW
0000527,Alicia,Rath,Rath.A@gmail.com,laquvgpioC
0000528,Haskell,Kuphal,Kuphal.H@gmail.com,gtSNMRQD
0000529,Alejandra,Hackett,Hackett.A@gmail.com,gysyjKXROVA
0000530,Helene,Pouros,Pouros.H@gmail.com,wryieBSKEJBJQY
0000531,Ana,Goyette,Goyette.A@gmail.com,qtwsnxetuJDWUGJ
0000532,Reva,Stracke,Stracke.R@gmail.com,fiwZCEAGHWM
0000533,Brianne,Grant,Grant.B@gmail.com,azxthfllyfexhU
0000534,Shakira,Johnson,Johnson.S@gmail.com,ajunJQQFOIJBUX
0000535,Landen,Mitchell,Mitchell.L@gmail.com,guoxffcfodE
0000536,Haley,Crooks,Crooks.H@gmail.com,vsiljpxYXIHDA
0000537,Caleb,Goldner,Goldner.C@gmail.com,eazolfuIFU
0000538,Kennith,Larson,Larson.K@gmail.com,ojsefuufeufQY
0000539,Celine,Parisian,Parisian.C@gmail.com,mktxtzrgYYXOQNEG
0000540,Jordane,Bergstrom,Bergstrom.J@gmail.com,znLBAZEELRVKQTV
0000541,Kendall,Greenfelder,Greenfelder.K@gmail.com,vbzrjuwdEPN
0000542,Delmer,Orn,Orn.D@gmail.com,aounmdGHJFK
0000543,Lou,Anderson,Anderson.L@gmail.com,putyfoNPERRJJVNU
0000544,Kara,Walker,Walker.K@gmail.com,kTIQJLILITQBTYNZ
0000545,Diamond,Orn,Orn.D@gmail.com,xrnjDJASUKGX
0000546,Salma,Kihn,Kihn.S@gmail.com,qXVGAZNLPAB
0000547,Ethyl,Lakin,Lakin.E@gmail.com,lhnDOTQYQOXIV
0000548,Zachariah,Schaefer,Schaefer.Z@gmail.com,rdtgeJUVVOSAPE
0000549,Florencio,Mayert,Mayert.F@gmail.com,jJRGHSTNZQZ
0000550,Ursula,Bartoletti,Bartoletti.U@gmail.com,mldgwkalWX
0000551,Nova,Towne,Towne.N@gmail.com,qoarzTBWRNWZN
0000552,Henri,Wilderman,Wilderman.H@gmail.com,ifqiCBBPQRI
0000553,Lew,Kuhn,Kuhn.L@gmail.com,qxEYPZSCBQU
0000554,Willow,Wisozk,Wisozk.W@gmail.com,wiqyjprfpnSCDEI
0000555,Tamara,Runte,Runte.T@gmail.com,etbvcmhhyouQEYC
0000556,Lilliana,Considine,Considine.L@gmail.com,gydddvowpF
0000557,Greyson,Morissette,Morissette.G@gmail.com,gkankRLAFPBBK
0000558,Angelica,Waters,Waters.A@gmail.com,eeamIDEMQZOWHTJI
0000559,Izaiah,Schuppe,Schuppe.I@gmail.com,uYSGPKOFSR
0000560,Geovany,Farrell,Farrell.G@gmail.com,zuccmEMMETJHXD
0000561,Adolphus,Osinski,Osinski.A@gmail.com,xmpguoyLOGX
0000562,Jarvis,Kerluke,Kerluke.J@gmail.com,tnospEQACUZUHK
0000563,Zachary,Waters,Waters.Z@gmail.com,avoqhmqIM
0000564,Sage,Wilkinson,Wilkinson.S@gmail.com,zydxfBMSKIUXAGJ
0000565,Lauriane,Bartoletti,Bartoletti.L@gmail.com,gusWEZQSI
0000566,Alfonzo,Walter,Walter.A@gmail.com,pMDQZLJT
0000567,Salvador,Quigley,Quigley.S@gmail.com,toyaegjAEMTVAYPV
0000568,Christ,Barton,Barton.C@gmail.com,sjfTFAADREKCCVC
0000569,Lamont,Mosciski,Mosciski.L@gmail.com,rpvZSNDQYEMH
0000570,Jayme,Towne,Towne.J@gmail.com,ceidlbgZTPCFDWHI
0000571,Dayana,Wilkinson,Wilkinson.D@gmail.com,mjbwXAOZGLTQFPLT
0000572,Elyse,O'Hara,O'Hara.E@gmail.com,dazakvuE
0000573,Graciela,Jacobi,Jacobi.G@gmail.com,uknzspnbdaBMTS
0000574,Oswald,Bogan,Bogan.O@gmail.com,heqfihxYOBTMS
0000575,Serenity,Auer,Auer.S@gmail.com,ljjugitgpnaY
0000576,Magdalena,Wilderman,Wilderman.M@gmail.com,esobajqfTF
0000577,Ada,Heller,Heller.A@gmail.com,zzerzSXBHE
0000578,Mohamed,Gutkowski,Gutkowski.M@gmail.com,siwsaxgmjzQIXP
0000579,Kellen,Daniel,Daniel.K@gmail.com,tnKBXNDQRSFWS
0000580,Charlie,Muller,Muller.C@gmail.com,umROBCMBHRCFE
0000581,Eliseo,Reinger,Reinger.E@gmail.com,upjonNOJJXFTTS
0000582,Gilda,Reichel,Reichel.G@gmail.com,xwsZFNEXLOFO
0000583,Marilyne,Reynolds,Reynolds.M@gmail.com,toiewaawjJRXDXNL
0000584,Sonya,Welch,Welch.S@gmail.com,slzchmcvfqMSMHT
0000585,Domingo,Monahan,Monahan.D@gmail.com,kbffrSFPAMLNSM
0000586,Novella,Koepp,Koepp.N@gmail.com,iiCCEWCLHAVG
0000587,Mina,Balistreri,Balistreri.M@gmail.com,jaaklokyhyJWR
0000588,Marco,Baumbach,Baumbach.M@gmail.com,pEVZOEUQ
0000589,Patience,Schroeder,Schroeder.P@gmail.com,okscaoBRKS
0000590,Lucas,Carroll,Carroll.L@gmail.com,ksvkidwtF
0000591,Trever,Cartwright,Cartwright.T@gmail.com,fvpptjdfuzwsrKP
0000592,Abraham,Friesen,Friesen.A@gmail.com,jgzwyTDBYADD
0000593,Lora,Abbott,Abbott.L@gmail.com,lvuyvberlfprU
0000594,Alexa,Emmerich,Emmerich.A@gmail.com,eQTVGJTJN
0000595,Rocky,Swaniawski,Swaniawski.R@gmail.com,nrfsVATCTP
0000596,Eleanora,Stoltenberg,Stoltenberg.E@gmail.com,fckncpjdX
0000597,Alfonzo,Sauer,Sauer.A@gmail.com,xeWGCZHLJPZ
0000598,Annie,Ullrich,Ullrich.A@gmail.com,xsRGRIUXCKXEDLCT
0000599,Adela,Kassulke,Kassulke.A@gmail.com,miIQTALTDCPCBZC
0000600,Manley,Roberts,Roberts.M@gmail.com,cuoawemfPH
0000601,Rhiannon,Cronin,Cronin.R@gmail.com,bcmeksyQBUOBMWHY
0000602,Santiago,Bauch,Bauch.S@gmail.com,yEKVGOCJKCCNA
0000603,Cordia,Eichmann,Eichmann.C@gmail.com,cghfrqkFFJLHON
0000604,Edgardo,Monahan,Monahan.E@gmail.com,nhscoFLIGW
0000605,Dan,Predovic,Predovic.D@gmail.com,oscvrxdvjSKAYOK
0000606,Danial,McCullough,McCullough.D@gmail.com,wpntgasGZBYBMX
0000607,Monique,Bailey,Bailey.M@gmail.com,tlusifffgTIIGG
0000608,Salma,Macejkovic,Macejkovic.S@gmail.com,pusmmznjzlyNU
0000609,Tevin,Wunsch,Wunsch.T@gmail.com,xtzdlzqIS
0000610,Melany,Pouros,Pouros.M@gmail.com,whybvfhiaJCG
0000611,Andy,Jaskolski,Jaskolski.A@gmail.com,lwewzqqiowpeGJY
0000612,Arno,Wisozk,Wisozk.A@gmail.com,ziadcfotrnojfYQ
0000613,Genevieve,Kilback,Kilback.G@gmail.com,jkcwbalpUOQDL
0000614,Jarvis,Corkery,Corkery.J@gmail.com,ycxyhxbpgiM
0000615,Monserrat,Treutel,Treutel.M@gmail.com,axbqtcedaaSLO
0000616,Allene,Bernier,Bernier.A@gmail.com,slbejcdbPPDGKMD
0000617,Lexi,Kutch,Kutch.L@gmail.com,tyxhmpvOVPGLVDPV
0000618,Royal,Hane,Hane.R@gmail.com,mrtMCWEH
0000619,Kane,Adams,Adams.K@gmail.com,alQDSTYOPQG
0000620,Fredrick,Nikolaus,Nikolaus.F@gmail.com,yyQQYYNJNA
0000621,Thaddeus,Kuphal,Kuphal.T@gmail.com,dklqrgrvjwL
0000622,Melody,Quitzon,Quitzon.M@gmail.com,rasmmzjqHEJUIUPB
0000623,Nona,Kiehn,Kiehn.N@gmail.com,bfdidhKEIJYK
0000624,Daphney,Schultz,Schultz.D@gmail.com,vjhzomCYNXK
0000625,Jonatan,Olson,Olson.J@gmail.com,jqqhriipirnonT
0000626,Penelope,Bradtke,Bradtke.P@gmail.com,caxHLKHWVZNY
0000627,Robb,Glover,Glover.R@gmail.com,ijmccdrR
0000628,Candido,Brekke,Brekke.C@gmail.com,xjjkZCUUC
0000629,Tatyana,Hilll,Hilll.T@gmail.com,ttespfSARWCBHA
0000630,Unique,Crooks,Crooks.U@gmail.com,sgamJIKQFXVKD
0000631,Joany,Harvey,Harvey.J@gmail.com,sqxywyyihwRMR
0000632,Cortney,Upton,Upton.C@gmail.com,vqnUSBPDVD
0000633,Aniyah,Koelpin,Koelpin.A@gmail.com,bkronoxJZGMGRPGI
0000634,Roma,Mann,Mann.R@gmail.com,isbbadghzgrPAXZY
0000635,Abby,Gaylord,Gaylord.A@gmail.com,nudicxxinKUV
0000636,Wendell,Kuhn,Kuhn.W@gmail.com,ucidhlgsvJR
0000637,Niko,Lebsack,Lebsack.N@gmail.com,wquwXQZBTNKSYCP
0000638,Dennis,Bednar,Bednar.D@gmail.com,lesNPBPMGSOLH
0000639,Jerod,Medhurst,Medhurst.J@gmail.com,ioystCJJVNLZRO
0000640,Dominique,Blanda,Blanda.D@gmail.com,inraTFJVOIGC
0000641,Prince,Pfannerstill,Pfannerstill.P@gmail.com,ygqvwfjHWB
0000642,Tierra,Hackett,Hackett.T@gmail.com,bkprwjuDPEFGEUP
0000643,Estevan,Johns,Johns.E@gmail.com,yvgVSLZY
0000644,Dante,Schroeder,Schroeder.D@gmail.com,gauyjetiebymgIU
0000645,Dakota,Windler,Windler.D@gmail.com,xgfHGWTXGWN
0000646,Tianna,Schulist,Schulist.T@gmail.com,ckzhUNBXSFI
0000647,Korey,Frami,Frami.K@gmail.com,guLQDAFFTHWD
0000648,Wilbert,Huels,Huels.W@gmail.com,mdkXPVVTDTNPNW
0000649,Rebeka,Maggio,Maggio.R@gmail.com,gctnVNALLYMS
0000650,Clarissa,Herman,Herman.C@gmail.com,ohhvmfxbpunFW
0000651,Jennyfer,Adams,Adams.J@gmail.com,axkwuyHUNPFBF
0000652,Rossie,Towne,Towne.R@gmail.com,vboslIULVZOTROG
0000653,Emile,Homenick,Homenick.E@gmail.com,cdmbBMWZA
0000654,Jerel,Jaskolski,Jaskolski.J@gmail.com,oziddgrphhbQ
0000655,Dorothy,Sawayn,Sawayn.D@gmail.com,dmGJBPQAFAKKTGJP
0000656,Cristina,Walsh,Walsh.C@gmail.com,cigxqglXIUVMD
0000657,Pearline,Upton,Upton.P@gmail.com,rurentXXIEYLW
0000658,Alford,Quigley,Quigley.A@gmail.com,qsqslpezeiS
0000659,Tom,Green,Green.T@gmail.com,wphybYTI
0000660,Victoria,Baumbach,Baumbach.V@gmail.com,jsrbUSXLHF
0000661,Josephine,DuBuque,DuBuque.J@gmail.com,fxnuxawzqalaVFH
0000662,Abbigail,Bradtke,Bradtke.A@gmail.com,ktzjzmqoiDHSA
0000663,Alanna,Herman,Herman.A@gmail.com,ygsdvmfxQQEVDMHM
0000664,Silas,Koelpin,Koelpin.S@gmail.com,ydoqOVDHG
0000665,Delaney,Paucek,Paucek.D@gmail.com,viqnohbsksvtXW
0000666,Devan,Roob,Roob.D@gmail.com,pcogtlswovyeuQB
0000667,Sherwood,Abernathy,Abernathy.S@gmail.com,nlbdYSOBWVKUC
0000668,Marcellus,Pfeffer,Pfeffer.M@gmail.com,fwqtCCUS
0000669,Hortense,Tillman,Tillman.H@gmail.com,krvUTLTACYXF
0000670,Elian,Hansen,Hansen.E@gmail.com,mevpABFS
0000671,Isabella,Tromp,Tromp.I@gmail.com,okugyMIF
0000672,Tommie,Durgan,Durgan.T@gmail.com,pmJCORQGHKWGMRSB
0000673,Alycia,McCullough,McCullough.A@gmail.com,xjisvcYVDALK
0000674,Kendrick,Abbott,Abbott.K@gmail.com,otirFHMQTJDZ
0000675,Jevon,Lakin,Lakin.J@gmail.com,qcqsdhINVRFPP
0000676,Meredith,Labadie,Labadie.M@gmail.com,meuxyibkqbdgQIP
0000677,Tessie,Morar,Morar.T@gmail.com,puazkteprbwhtsQ
0000678,Gerhard,Schinner,Schinner.G@gmail.com,rrjirwvAHYUGZFD
0000679,Deion,Klocko,Klocko.D@gmail.com,xgguvhcCXXTZREZ
0000680,Mustafa,Corwin,Corwin.M@gmail.com,uagCSTUSCOIPMA
0000681,Ayden,Cummings,Cummings.A@gmail.com,hymytgdAFCA
0000682,Camron,Wilderman,Wilderman.C@gmail.com,wllroblvpuTWJE
0000683,Giles,Gottlieb,Gottlieb.G@gmail.com,shkxbRJNTFRGNPJE
0000684,Jerad,Ebert,Ebert.J@gmail.com,bfonlCNNMYLVKU
0000685,Sabrina,Wolf,Wolf.S@gmail.com,ouidcsxitQPKY
0000686,Annalise,Price,Price.A@gmail.com,dfuvyyrISWHVJB
0000687,Khalid,Ratke,Ratke.K@gmail.com,mxvrrtgsoA
0000688,Lolita,Kreiger,Kreiger.L@gmail.com,aaywaGIHYZIHL
0000689,Flavio,Nitzsche,Nitzsche.F@gmail.com,yilNRTBV
0000690,Levi,Mosciski,Mosciski.L@gmail.com,hjcmmryqBAEU
0000691,Nico,Leannon,Leannon.N@gmail.com,okfEKBAMY
0000692,Marley,O'Connell,O'Connell.M@gmail.com,vogQMCYFYYRC
0000693,Lukas,Harvey,Harvey.L@gmail.com,ysqbkugkmuxZ
0000694,Mara,Hayes,Hayes.M@gmail.com,ochrfahzVE
0000695,Kathleen,Parisian,Parisian.K@gmail.com,ergYIGNBTUIGU
0000696,Casper,Casper,Casper.C@gmail.com,fkcniednqNX
0000697,Doug,Schmidt,Schmidt.D@gmail.com,mtewedFFKNK
0000698,Gabrielle,Romaguera,Romaguera.G@gmail.com,qvxlfTJTW
0000699,Odell,Schimmel,Schimmel.O@gmail.com,uzcXAXIYSL
0000700,Buford,Cassin,Cassin.B@gmail.com,jaejkwCJRMMROCP
0000701,Chaya,Kuhn,Kuhn.C@gmail.com,pqhdwAHE
0000702,Thurman,Greenfelder,Greenfelder.T@gmail.com,khgEFKKUHHL
0000703,Maxime,Robel,Robel.M@gmail.com,gccmzaHXRLYGYK
0000704,Jess,Reichert,Reichert.J@gmail.com,ubssclwCVAGGOHA
0000705,Tessie,Swift,Swift.T@gmail.com,vXTNBOXITOFVIJ
0000706,Leonel,Flatley,Flatley.L@gmail.com,yxjgefiBBTIST
0000707,Armando,Rempel,Rempel.A@gmail.com,rrkjQGSLDJWF
0000708,Dalton,Dietrich,Dietrich.D@gmail.com,bjhgLHVB
0000709,Bella,Johnson,Johnson.B@gmail.com,cqubrfvdegtjLVG
0000710,Myrl,Harvey,Harvey.M@gmail.com,pxcMHGJKBU
0000711,Tyson,Reichel,Reichel.T@gmail.com,zoqllcUUCMT
0000712,Melvin,Spencer,Spencer.M@gmail.com,erTCHRCRBRNOUYAX
0000713,Rosina,Jacobs,Jacobs.R@gmail.com,ptdmpxqlezpeHM
0000714,Solon,Monahan,Monahan.S@gmail.com,tdKRWQBRDBMF
0000715,Columbus,Stoltenberg,Stoltenberg.C@gmail.com,zjtjxktniXCWPIYV
0000716,Ole,McLaughlin,McLaughlin.O@gmail.com,flqNXZOZCGE
0000717,Dion,Hintz,Hintz.D@gmail.com,lTXNGMDEYFNE
0000718,Donato,Rodriguez,Rodriguez.D@gmail.com,gwssQFEDI
0000719,Hildegard,Powlowski,Powlowski.H@gmail.com,mrrjtfVWDIMB
0000720,Sarai,Armstrong,Armstrong.S@gmail.com,fDIBRIWKLP
0000721,Rhiannon,Powlowski,Powlowski.R@gmail.com,rvfxlfYBQCHFJ
0000722,Connor,Schuppe,Schuppe.C@gmail.com,klsyNNHUAGHJLM
0000723,Lottie,Veum,Veum.L@gmail.com,zkvppooT
0000724,Madie,Gusikowski,Gusikowski.M@gmail.com,brFXVOBEHW
0000725,Percival,Jerde,Jerde.P@gmail.com,zskoIMBWST
0000726,Beatrice,Kreiger,Kreiger.B@gmail.com,aixxoUESBM
0000727,Della,Schaefer,Schaefer.D@gmail.com,lktUNDBDP
0000728,Roxane,Volkman,Volkman.R@gmail.com,juvdlpbuN
0000729,Joaquin,Weber,Weber.J@gmail.com,ssrhqqpgML
0000730,Shyanne,Wuckert,Wuckert.S@gmail.com,kdAGLMPU
0000731,Beatrice,Bruen,Bruen.B@gmail.com,lfokjoeznisMTX
0000732,Fabiola,Gutkowski,Gutkowski.F@gmail.com,zxydQKPEV
0000733,Major,Wiegand,Wiegand.M@gmail.com,kmeaNZIWDWSUOTW
0000734,Lorena,Feeney,Feeney.L@gmail.com,fatDOTKFV
0000735,Clifford,Langosh,Langosh.C@gmail.com,nqFFPEUGJZZ
0000736,Cecile,Jacobs,Jacobs.C@gmail.com,rzdttliMWB
0000737,Melisa,Rohan,Rohan.M@gmail.com,tegpsajqAYK
0000738,Elroy,Feil,Feil.E@gmail.com,lvmgpitlomfbpiQ
0000739,Calista,Zemlak,Zemlak.C@gmail.com,jpsezfwAHKIPKHB
0000740,Hilton,Bradtke,Bradtke.H@gmail.com,dknfgowrdtygfH
0000741,Dorthy,Ratke,Ratke.D@gmail.com,rzSTPUHDTHDWRGIC
0000742,Adrien,Ferry,Ferry.A@gmail.com,dpxcwjyrqlevaO
0000743,Rosalyn,Parker,Parker.R@gmail.com,vwfCGACY
0000744,Bobbie,Dach,Dach.B@gmail.com,ejjnkTRF
0000745,Eudora,Wiza,Wiza.E@gmail.com,gkrukumqchV
0000746,Theo,Berge,Berge.T@gmail.com,bzfcGLEV
0000747,Adam,Hessel,Hessel.A@gmail.com,lyXXYYSZT
0000748,Marian,Langosh,Langosh.M@gmail.com,hvmkKEODIEAPETAL
0000749,Reed,Lesch,Lesch.R@gmail.com,hHFPWVZG
0000750,Reanna,Ferry,Ferry.R@gmail.com,sicxdwtaemypnjL
0000751,Theodore,Watsica,Watsica.T@gmail.com,osNQZVEQ
0000752,Damien,Bradtke,Bradtke.D@gmail.com,swyyjwwTBH
0000753,Maryjane,Weimann,Weimann.M@gmail.com,bitgexnzzUKGW
0000754,Berniece,Stoltenberg,Stoltenberg.B@gmail.com,havrddsylmuzralX
0000755,Gaetano,O'Reilly,O'Reilly.G@gmail.com,aSQYEQYQJZPKE
0000756,Eloy,Hauck,Hauck.E@gmail.com,swtzrhernacqlqNM
0000757,Jena,Ebert,Ebert.J@gmail.com,uitqcjqjmohckhW
0000758,Jennings,Hickle,Hickle.J@gmail.com,mlwiqgabewxIJS
0000759,Paige,Abernathy,Abernathy.P@gmail.com,tcwvcooNAYE
0000760,Evert,Lang,Lang.E@gmail.com,twkvmtgkwofrucFI
0000761,Muhammad,Mitchell,Mitchell.M@gmail.com,zfLBHGQVWLIXHIDD
0000762,Ronny,Dickinson,Dickinson.R@gmail.com,zdgzcQSNTEWEJUUK
0000763,Hardy,Okuneva,Okuneva.H@gmail.com,xlhCPGHKQMVJ
0000764,Felicity,Bruen,Bruen.F@gmail.com,wtyfmvknipiLKQA
0000765,Obie,Marks,Marks.O@gmail.com,xxbdokrbtgUND
0000766,Adele,Bogisich,Bogisich.A@gmail.com,irVXZDPJNBZQC
0000767,Queenie,McClure,McClure.Q@gmail.com,gonnpIUXN
0000768,Kitty,Schneider,Schneider.K@gmail.com,vqRGACBGB
0000769,Ottis,Friesen,Friesen.O@gmail.com,tgmfmoawoU
0000770,Edna,Fritsch,Fritsch.E@gmail.com,zulxxqkmrA
0000771,Arely,Rath,Rath.A@gmail.com,yddunBMVM
0000772,Fritz,Moore,Moore.F@gmail.com,gBSTXLHKZRYVNZ
0000773,Rey,Kulas,Kulas.R@gmail.com,etmfKMMFZSCJEXOF
0000774,Casimir,Auer,Auer.C@gmail.com,aekajrICU
0000775,Adrianna,Upton,Upton.A@gmail.com,jtpgravxRKII
0000776,Jordy,Simonis,Simonis.J@gmail.com,rekqrvdTAT
0000777,Herbert,Medhurst,Medhurst.H@gmail.com,tyupfvxLPOCT
0000778,Brice,Ebert,Ebert.B@gmail.com,rfoloqwxUKMEVY
0000779,Ella,Herzog,Herzog.E@gmail.com,yihpolaorODCKRGI
0000780,Melisa,Ward,Ward.M@gmail.com,wcvaattxpDXNPW
0000781,Loy,Spinka,Spinka.L@gmail.com,gpipxjimlvW
0000782,Heather,Willms,Willms.H@gmail.com,govylTDTS
0000783,Caesar,Schmitt,Schmitt.C@gmail.com,rqswltzuxyoaciFY
0000784,Katelynn,Hyatt,Hyatt.K@gmail.com,oranoSMZUBEYDWU
0000785,Jayme,Lynch,Lynch.J@gmail.com,tmSCINKLRIWUUU
0000786,Selina,Rowe,Rowe.S@gmail.com,cagpyroyllzdJYJT
0000787,Ali,Rau,Rau.A@gmail.com,yzlklpnhB
0000788,Dante,Hickle,Hickle.D@gmail.com,yfnqticxttTSBJR
0000789,Rosamond,Heller,Heller.R@gmail.com,wwdrqzwLNH
0000790,Adelle,Hayes,Hayes.A@gmail.com,oyuRFUMC
0000791,Annette,West,West.A@gmail.com,pwcxsJCQMBQ
0000792,Price,Hackett,Hackett.P@gmail.com,xumepqGGQ
0000793,Reggie,Reinger,Reinger.R@gmail.com,lSRMPZZZOMKQKHW
0000794,Bettye,Feeney,Feeney.B@gmail.com,udpUHXXK
0000795,Wilma,Howell,Howell.W@gmail.com,arzayshhiltNR
0000796,Greyson,Turner,Turner.G@gmail.com,plhaqdboLYN
0000797,Anastacio,Casper,Casper.A@gmail.com,vvhglmxskynlYI
0000798,Emily,Bode,Bode.E@gmail.com,yzngoolllcnuB
0000799,Taurean,Turner,Turner.T@gmail.com,cuzgudYFFQCU
0000800,Charity,Schamberger,Schamberger.C@gmail.com,neriqDIK
0000801,Edgardo,Moore,Moore.E@gmail.com,kxuwikhjUBIPWK
0000802,Clemmie,Stamm,Stamm.C@gmail.com,boaoNGGYJLXXBRTP
0000803,Elissa,Waters,Waters.E@gmail.com,epcevsbyPWHP
0000804,Martina,Batz,Batz.M@gmail.com,bshycelhufrwzhK
0000805,Johnpaul,Bauch,Bauch.J@gmail.com,jlonirSFTJPP
0000806,Korey,Grimes,Grimes.K@gmail.com,xaMALPADTDDE
0000807,George,Goyette,Goyette.G@gmail.com,lITYKDKFZNFG
0000808,Horace,Jast,Jast.H@gmail.com,lzbevgbbvV
0000809,Macy,Lueilwitz,Lueilwitz.M@gmail.com,svqlcwrsqeRKLWI
0000810,Ignacio,Larson,Larson.I@gmail.com,tBACEJRF
0000811,Titus,Greenholt,Greenholt.T@gmail.com,sCRTWNCIBCS
0000812,Candida,Lind,Lind.C@gmail.com,zkuahxrmyIPA
0000813,Alexander,Metz,Metz.A@gmail.com,zqojcaaACOF
0000814,Hester,Will,Will.H@gmail.com,wycdqczHP
0000815,Gina,Frami,Frami.G@gmail.com,lvaqfwwDLBEYSAL
0000816,Carlo,Schumm,Schumm.C@gmail.com,owwgtozKWLTXFEJ
0000817,Kale,Gibson,Gibson.K@gmail.com,uysqxcrGF
0000818,Lucinda,Cummings,Cummings.L@gmail.com,xvpnbwesQ
0000819,Alysa,Stark,Stark.A@gmail.com,bsaWFKXTKLQV
0000820,Francisco,Dickens,Dickens.F@gmail.com,qigfvlhtreaYPORX
0000821,Abbey,Reynolds,Reynolds.A@gmail.com,pgfjfucrpsB
0000822,Barbara,Hegmann,Hegmann.B@gmail.com,wgfdnyqHWIDFC
0000823,Juwan,Marvin,Marvin.J@gmail.com,rumrYPRGU
0000824,Kaylee,Koepp,Koepp.K@gmail.com,dzwDEPTT
0000825,Carolyn,Lakin,Lakin.C@gmail.com,ugfjokdbrdoGQ
0000826,Aiden,Rodriguez,Rodriguez.A@gmail.com,fqtjPVGCOHFKU
0000827,Maribel,Homenick,Homenick.M@gmail.com,kiuuqjtixfEA
0000828,Hermina,Marvin,Marvin.H@gmail.com,ibcwmntWAH
0000829,Columbus,Haley,Haley.C@gmail.com,bbvvDVZBSAHBBVI
0000830,Alivia,Kihn,Kihn.A@gmail.com,ebubfAYNIH
0000831,Jerod,Greenholt,Greenholt.J@gmail.com,kzhmeosA
0000832,Rosina,Huels,Huels.R@gmail.com,kveFLGII
0000833,Arch,Bartell,Bartell.A@gmail.com,sxeniiwutyynTIKZ
0000834,Jamison,Nolan,Nolan.J@gmail.com,bKJZKBKRGBU
0000835,Lilla,Grant,Grant.L@gmail.com,oFQAVNWILTRW
0000836,Estel,Auer,Auer.E@gmail.com,qYLSSTRBT
0000837,Jon,Williamson,Williamson.J@gmail.com,ckQLRNBGVEPYIUEB
0000838,Delphine,Hudson,Hudson.D@gmail.com,doutwwuSXI
0000839,Denis,Veum,Veum.D@gmail.com,aghrvjmCQFXTGRH
0000840,Constantin,Wisozk,Wisozk.C@gmail.com,acshyiCEFL
0000841,Ronaldo,Schaden,Schaden.R@gmail.com,zgOQMQZFRXNJXS
0000842,Ahmad,Conroy,Conroy.A@gmail.com,iRSEVKIDJONH
0000843,Hilda,Oberbrunner,Oberbrunner.H@gmail.com,fivpdeTKPOBVR
0000844,Cristobal,Hammes,Hammes.C@gmail.com,qkLGADBUJYIMSPM
0000845,Briana,Gerhold,Gerhold.B@gmail.com,ttyBOVNX
0000846,Abbie,Ebert,Ebert.A@gmail.com,ultbhelelbihvlF
0000847,Cruz,Zemlak,Zemlak.C@gmail.com,aojwuYOCJNJBSW
0000848,Ignatius,Hoppe,Hoppe.I@gmail.com,mwRTDTLTUVKOL
0000849,Jayda,Feest,Feest.J@gmail.com,mwoiTOIPT
0000850,Colleen,Mayert,Mayert.C@gmail.com,evupwougosPBCG
0000851,Adam,Jacobi,Jacobi.A@gmail.com,qcbgjnsrnYNW
0000852,Deonte,Dicki,Dicki.D@gmail.com,cfYHJAKFNXRU
0000853,Yasmeen,Waelchi,Waelchi.Y@gmail.com,byzXHMWE
0000854,Willard,Leuschke,Leuschke.W@gmail.com,slxsdvhiEAYN
0000855,Kevon,Labadie,Labadie.K@gmail.com,kDFPNGJPSMLPCE
0000856,Clara,Cummerata,Cummerata.C@gmail.com,swoqvdiRBQH
0000857,Jeffry,Waelchi,Waelchi.J@gmail.com,znROSALIJHKDUOB
0000858,Dewitt,Kuphal,Kuphal.D@gmail.com,vlpqrapalkehahLE
0000859,Cassie,Tillman,Tillman.C@gmail.com,qsbhqbzlwpswfkqW
0000860,Oliver,Mayer,Mayer.O@gmail.com,tqbmaQZCMTEQWZJ
0000861,Nedra,Hagenes,Hagenes.N@gmail.com,fuGKIQDXCSP
0000862,Haven,Metz,Metz.H@gmail.com,impeqvdkbopfleJP
0000863,Kody,Howe,Howe.K@gmail.com,bsMOXDMEWH
0000864,Margarete,Funk,Funk.M@gmail.com,dcxkhanbtoqqfMAE
0000865,Oscar,Parisian,Parisian.O@gmail.com,nzwvcfjyojSR
0000866,Aurelio,Ernser,Ernser.A@gmail.com,ecqzaQZPKSGT
0000867,Jennyfer,Baumbach,Baumbach.J@gmail.com,wdkcvrvziR
0000868,Noemie,Schulist,Schulist.N@gmail.com,enqbkwcszlS
0000869,Hoyt,Torphy,Torphy.H@gmail.com,mteQCSEUOZP
0000870,Cary,Kuvalis,Kuvalis.C@gmail.com,ersmdjTUFFVYVZEK
0000871,Frank,Haley,Haley.F@gmail.com,wnjxwkpeIQXA
0000872,Susie,Grant,Grant.S@gmail.com,leoowfxjcifgrlpR
0000873,Vicente,Torp,Torp.V@gmail.com,tyjmjrnfbglmIDH
0000874,Melba,Harvey,Harvey.M@gmail.com,upCWBPQSN
0000875,Terry,Bechtelar,Bechtelar.T@gmail.com,eeMXNLVV
0000876,Erna,Feeney,Feeney.E@gmail.com,psflnitfedS
0000877,Davion,Weimann,Weimann.D@gmail.com,bpcenESR
0000878,Cullen,Gleichner,Gleichner.C@gmail.com,tPMWRYJBQ
0000879,Roscoe,Hudson,Hudson.R@gmail.com,dIFGARZT
0000880,Vinnie,Cronin,Cronin.V@gmail.com,wqrvKLUANDLKB
0000881,Ashtyn,Fisher,Fisher.A@gmail.com,rLQZJUNZHXQ
0000882,Casey,Green,Green.C@gmail.com,ndnkhwuWIAS
0000883,Kenya,McKenzie,McKenzie.K@gmail.com,wyiieptlgI
0000884,Whitney,Lakin,Lakin.W@gmail.com,pwruvrCRGHD
0000885,Lisette,Towne,Towne.L@gmail.com,droqjlrwgtapuJT
0000886,Kale,Gottlieb,Gottlieb.K@gmail.com,rgbqZJVRQUNNBJ
0000887,Kayla,Prosacco,Prosacco.K@gmail.com,vkmPWYCOYT
0000888,Jaycee,Luettgen,Luettgen.J@gmail.com,bkomlywlstI
0000889,Rashawn,Upton,Upton.R@gmail.com,scawlqbySVWX
0000890,Jerrod,Boyle,Boyle.J@gmail.com,toibqflGMZLSZX
0000891,Urban,Schumm,Schumm.U@gmail.com,rzlwikiefIEXSBX
0000892,Olin,Lowe,Lowe.O@gmail.com,lcprewcFH
0000893,Angeline,King,King.A@gmail.com,gIVSFJAMHEYOXIKP
0000894,Osbaldo,Wyman,Wyman.O@gmail.com,uffnxwawqtkmtphP
0000895,Chanel,Hartmann,Hartmann.C@gmail.com,yaprvhnhjehA
0000896,Katarina,Armstrong,Armstrong.K@gmail.com,wcisbhlyiR
0000897,Percy,Fay,Fay.P@gmail.com,uudaxgOQ
0000898,Maida,Turner,Turner.M@gmail.com,hwbLPRDAGNIK
0000899,Lisandro,Corkery,Corkery.L@gmail.com,hhudvcbbvmVCFZKW
0000900,Malcolm,Donnelly,Donnelly.M@gmail.com,spkxctobxK
0000901,Toby,Wuckert,Wuckert.T@gmail.com,ijbJQTPUMW
0000902,Sven,Davis,Davis.S@gmail.com,hakmicjA
0000903,Brant,Nikolaus,Nikolaus.B@gmail.com,ouyetajB
0000904,Filiberto,Block,Block.F@gmail.com,ovzhdgihWVYD
0000905,Cierra,Schumm,Schumm.C@gmail.com,yelTCOLYQ
0000906,Ernest,Cole,Cole.E@gmail.com,hdCEITCA
0000907,Kris,Flatley,Flatley.K@gmail.com,shdMPAOUFKYZKJ
0000908,Casey,Terry,Terry.C@gmail.com,strbsZMJO
0000909,Jada,Murray,Murray.J@gmail.com,pwtsauYEQEUF
0000910,Norberto,Upton,Upton.N@gmail.com,sjmlzltgmnjIQMNA
0000911,Milo,Stoltenberg,Stoltenberg.M@gmail.com,afUFODGVRB
0000912,Shemar,Yundt,Yundt.S@gmail.com,bcipopuakgLYNZTF
0000913,Jewel,Towne,Towne.J@gmail.com,tohvbIGHZTHJOJMH
0000914,Shania,Daugherty,Daugherty.S@gmail.com,rhwdljsgdrdtF
0000915,Elwyn,Koepp,Koepp.E@gmail.com,ynkmrprngCVPG
0000916,Mozell,Roob,Roob.M@gmail.com,dvSPQZOOGNM
0000917,Tierra,Thompson,Thompson.T@gmail.com,fJRVMWQNLPZRFE
0000918,Porter,Daugherty,Daugherty.P@gmail.com,nvuccxsLDANUPI
0000919,Melvin,Crooks,Crooks.M@gmail.com,svmxbqyyXN
0000920,Fidel,Connelly,Connelly.F@gmail.com,ckjzvnaolcbijAA
0000921,Dovie,Stroman,Stroman.D@gmail.com,oHCPCRELXFNESO
0000922,Theresa,Mueller,Mueller.T@gmail.com,rziRIWMLKPRZULS
0000923,Precious,Willms,Willms.P@gmail.com,bgxbmhSIKSI
0000924,Sadie,Gutkowski,Gutkowski.S@gmail.com,oyjipzLOYME
0000925,Antonina,Stoltenberg,Stoltenberg.A@gmail.com,zcbfwjEVD
0000926,Brooklyn,Kuhic,Kuhic.B@gmail.com,ebiVGJUYMXPG
0000927,Werner,Hane,Hane.W@gmail.com,ybfkJNFGBL
0000928,Justice,Swift,Swift.J@gmail.com,optdwcqkzrahSD
0000929,Kaci,DuBuque,DuBuque.K@gmail.com,yyygycvhQBOU
0000930,Jesse,Nikolaus,Nikolaus.J@gmail.com,ynqYCSLABFSROYX
0000931,Casey,Bashirian,Bashirian.C@gmail.com,gwCULTQLAQ
0000932,Shanny,Becker,Becker.S@gmail.com,oIADTKURWWZVCMLP
0000933,Montana,Nienow,Nienow.M@gmail.com,sgLXSSJWWHBCBG
0000934,Vernon,Langosh,Langosh.V@gmail.com,tiawtonbtAG
0000935,Jaqueline,Nienow,Nienow.J@gmail.com,zRDFLISWEXFNZSNT
0000936,Kallie,Gottlieb,Gottlieb.K@gmail.com,ueMAJWMSPTZ
0000937,Hadley,Gulgowski,Gulgowski.H@gmail.com,sfdnyfkgjwHAFI
0000938,Clarissa,Jakubowski,Jakubowski.C@gmail.com,oipbqksqccIM
0000939,Kiel,Dickinson,Dickinson.K@gmail.com,tolkvwpbrHGITEIP
0000940,Rebeca,Dibbert,Dibbert.R@gmail.com,vpheLBPNPNEPX
0000941,Tony,Schumm,Schumm.T@gmail.com,fimEWIQRLQHFB
0000942,Filomena,Wuckert,Wuckert.F@gmail.com,ejqgxtevJOOFLE
0000943,Bryon,Hoeger,Hoeger.B@gmail.com,ftxydfycdnCJOZL
0000944,Audie,Olson,Olson.A@gmail.com,ehqauboSPMTLL
0000945,Alda,Streich,Streich.A@gmail.com,wekZZDCQXKGM
0000946,Angus,Wunsch,Wunsch.A@gmail.com,mdtVWTETYYY
0000947,Reyna,Thompson,Thompson.R@gmail.com,lcdmdhfyenDHQ
0000948,Deshawn,Lakin,Lakin.D@gmail.com,pwHKULST
0000949,Tristin,Turner,Turner.T@gmail.com,lpholiyhDNZLQXAM
0000950,Bobby,King,King.B@gmail.com,hxkYYSZBYFGI
0000951,Eveline,Kris,Kris.E@gmail.com,abGMFYEPSQJEIPLR
0000952,Edyth,Koepp,Koepp.E@gmail.com,ktcoqsxoKWHZ
0000953,Salvador,Block,Block.S@gmail.com,wascrrvtbBSHX
0000954,Ben,McKenzie,McKenzie.B@gmail.com,cvHAFYYXU
0000955,Kyla,Heidenreich,Heidenreich.K@gmail.com,gnlwxhfgBN
0000956,Hardy,Miller,Miller.H@gmail.com,mijsvxensuoOW
0000957,Oda,Witting,Witting.O@gmail.com,yokvyqhefA
0000958,Kathryne,Marks,Marks.K@gmail.com,infflEJPFIQR
0000959,Daniella,Stark,Stark.D@gmail.com,xbbheULGHB
0000960,Yvonne,Abernathy,Abernathy.Y@gmail.com,aqrlznZQP
0000961,Jarod,Blanda,Blanda.J@gmail.com,owRRAYBVLT
0000962,Claire,Trantow,Trantow.C@gmail.com,cdmescqrhDKHA
0000963,Brielle,Beier,Beier.B@gmail.com,wokvcnRWW
0000964,Hershel,Weber,Weber.H@gmail.com,cxkuhkmmhKW
0000965,Lonie,Dooley,Dooley.L@gmail.com,uNDBOALYK
0000966,Steve,Pollich,Pollich.S@gmail.com,oSOZSHWLSLPZ
0000967,Paul,Toy,Toy.P@gmail.com,zjgmeqfXY
0000968,Enola,Champlin,Champlin.E@gmail.com,iVJJSWDZHYTT
0000969,Daniella,Gerlach,Gerlach.D@gmail.com,cuoohiudlhbyrB
0000970,Cleveland,Heathcote,Heathcote.C@gmail.com,kbrkyexvhkH
0000971,Daniella,Schroeder,Schroeder.D@gmail.com,kAUOIFWICF
0000972,Bernardo,Eichmann,Eichmann.B@gmail.com,hgOYMKNGYNFZHEV
0000973,Garland,Corwin,Corwin.G@gmail.com,fcnJXFOSI
0000974,Elinor,Rosenbaum,Rosenbaum.E@gmail.com,mvlhlshholUXHCMI
0000975,Darrell,Ratke,Ratke.D@gmail.com,valakpmCKA
0000976,Sydney,Swaniawski,Swaniawski.S@gmail.com,fxmlfieDKHVLXL
0000977,Jayden,Nitzsche,Nitzsche.J@gmail.com,ofGAZIKWFKM
0000978,Zola,Langosh,Langosh.Z@gmail.com,dwbmlaKKROKVJQDP
0000979,Bonita,Osinski,Osinski.B@gmail.com,lknTGHJHBGPO
0000980,Ivory,Kris,Kris.I@gmail.com,thvxxxghORWO
0000981,Georgianna,Kunze,Kunze.G@gmail.com,whfcstisLNIRVK
0000982,Francisca,Marks,Marks.F@gmail.com,mhshmKMW
0000983,Joel,Deckow,Deckow.J@gmail.com,rfirnQTHDBGFS
0000984,Whitney,Nikolaus,Nikolaus.W@gmail.com,tulhtgmpjmFTAYJK
0000985,Danial,Grant,Grant.D@gmail.com,ienxlruYKGEUGQ
0000986,Amparo,Pfannerstill,Pfannerstill.A@gmail.com,ecaqvtnnxlfSVV
0000987,Myrna,Witting,Witting.M@gmail.com,hnqkeyZAMZSEK
0000988,Harry,Satterfield,Satterfield.H@gmail.com,hwsblmAD
0000989,Kariane,Osinski,Osinski.K@gmail.com,xgtdnaCAKI
0000990,Rick,Gleichner,Gleichner.R@gmail.com,dvttbiuGWQRN
0000991,Brant,Hartmann,Hartmann.B@gmail.com,dxgiubipeyeuCMW
0000992,Winifred,Murray,Murray.W@gmail.com,wdwvpcPHQELYVSQT
0000993,Columbus,Hills,Hills.C@gmail.com,cqajxyYZWERLA
0000994,Arvilla,Douglas,Douglas.A@gmail.com,wfdyyilPHORBQI
0000995,Bernadette,Kris,Kris.B@gmail.com,nmyfypdsjiUNKXBA
0000996,Howard,Marks,Marks.H@gmail.com,rpXFFLUIHYFNNHRQ
0000997,Augustus,Ryan,Ryan.A@gmail.com,cpojWVYKR
0000998,Fae,Abshire,Abshire.F@gmail.com,fhIFEEPWTY
0000999,Erik,Ernser,Ernser.E@gmail.com,rlsisPAWJOTLH
0001000,Macie,Ryan,Ryan.M@gmail.com,kNJKKDDMYQ
